player,nationality,position,squad,age,birth_year,games,games_starts,minutes,goals,assists,pens_made,pens_att,cards_yellow,cards_red,goals_per90,assists_per90,goals_assists_per90,goals_pens_per90,goals_assists_pens_per90
Marko Alvir,hr CRO,MF,Viktoria Plzeň,26-269,1994,9,0,116,0,0,0,0,2,0,0.00,0.00,0.00,0.00,0.00
Emmanuel Antwi,gh GHA,DF,Příbram,24-253,1996,8,2,273,2,0,0,0,0,0,0.66,0.00,0.66,0.66,0.66
Oleksandr Azatskyi,ua UKR,DF,Baník Ostrava,27-000,1994,3,0,26,0,0,0,0,0,0,0.00,0.00,0.00,0.00,0.00
Pavol Bajza,sk SVK,GK,Slovácko,29-131,1991,6,6,540,0,0,0,0,1,0,0.00,0.00,0.00,0.00,0.00
Jakub Barac,cz CZE,MF,Slovan Liberec,24-162,1996,3,1,80,0,0,0,0,0,0,0.00,0.00,0.00,0.00,0.00
Damián Bariš,sk SVK,MF,Zbrojovka Brno,26-035,1994,5,3,372,0,0,0,0,2,0,0.00,0.00,0.00,0.00,0.00
David Bartek,cz CZE,MF,Bohemians 1905,32-335,1988,4,4,345,1,0,0,0,0,0,0.26,0.00,0.26,0.26,0.26
Lukáš Bartošák,cz CZE,DF,Karviná,30-194,1990,14,14,"1,172",2,2,0,0,3,0,0.15,0.15,0.31,0.15,0.31
Fortune Bassey,ng NGA,FW,České Budĕjov.,22-099,1998,6,1,112,0,0,0,0,0,0,0.00,0.00,0.00,0.00,0.00
Jean-David Beauguel,fr FRA,FW,Viktoria Plzeň,28-298,1992,14,5,604,6,1,1,1,0,0,0.89,0.15,1.04,0.75,0.89
Jiří Bederka,cz CZE,DF,Bohemians 1905,25-330,1995,11,10,916,0,0,0,0,0,0,0.00,0.00,0.00,0.00,0.00
František Belej,cz CZE,FW,Příbram,20-319,2000,4,1,99,0,0,0,0,0,0,0.00,0.00,0.00,0.00,0.00
Vít Beneš,cz CZE,DF,Sigma Olomouc,32-154,1988,3,2,184,0,1,0,0,0,0,0.00,0.49,0.49,0.00,0.49
Michal Beran,cz CZE,MF,Slovan Liberec,20-144,2000,10,7,610,0,2,0,0,0,0,0.00,0.30,0.30,0.00,0.30
Jaromír Blažej,cz CZE,DF,Opava,17-306,2003,1,1,82,0,0,0,0,0,0,0.00,0.00,0.00,0.00,0.00
Isaac Boakye,gh GHA,FW,Příbram,23-299,1997,6,0,93,0,0,0,0,0,0,0.00,0.00,0.00,0.00,0.00
Marek Boháč,cz CZE,GK,FK Pardubice,32-074,1988,14,14,"1,260",0,0,0,0,0,0,0.00,0.00,0.00,0.00,0.00
Petr Bolek,cz CZE,GK,Karviná,36-214,1984,9,9,810,0,0,0,0,1,0,0.00,0.00,0.00,0.00,0.00
Jan Bořil,cz CZE,DF,Slavia Prague,30-002,1991,11,10,890,3,1,0,0,2,0,0.30,0.10,0.40,0.30,0.40
Jakub Brabec,cz CZE,DF,Viktoria Plzeň,28-160,1992,12,12,"1,074",0,0,0,0,1,0,0.00,0.00,0.00,0.00,0.00
Patrik Brandner,cz CZE,FW,České Budĕjov.,27-009,1994,13,12,"1,113",5,3,0,0,2,0,0.40,0.24,0.65,0.40,0.65
Radim Breite,cz CZE,MF,Sigma Olomouc,31-156,1989,13,11,984,0,1,0,0,3,0,0.00,0.09,0.09,0.00,0.09
Pavel Bucha,cz CZE,MF,Viktoria Plzeň,22-308,1998,14,11,"1,014",4,5,1,2,2,0,0.36,0.44,0.80,0.27,0.71
David Buchta,cz CZE,MF,Baník Ostrava,21-200,1999,6,0,39,1,0,0,0,0,0,2.31,0.00,2.31,2.31,2.31
Petr Buchta,cz CZE,DF,Fastav Zlín,28-182,1992,13,13,"1,170",2,0,0,0,3,0,0.15,0.00,0.15,0.15,0.15
Denis Budinsky,cz CZE,MF,Příbram,18-357,2002,3,0,22,0,0,0,0,0,0,0.00,0.00,0.00,0.00,0.00
Lukáš Budínský,cz CZE,MF,Mladá Boleslav,28-292,1992,14,14,"1,239",1,2,0,0,2,0,0.07,0.15,0.22,0.07,0.22
Mick van Buren,nl NED,FW,České Budĕjov.,28-142,1992,8,8,653,1,2,0,0,0,0,0.14,0.28,0.41,0.14,0.41
Cadu,br BRA,DF,FK Pardubice,23-158,1997,12,9,673,0,0,0,0,5,0,0.00,0.00,0.00,0.00,0.00
David Cancola,at AUT,MF,Slovan Liberec,24-082,1996,2,1,83,0,0,0,0,0,0,0.00,0.00,0.00,0.00,0.00
Patrik Čavoš,cz CZE,MF,České Budĕjov.,26-006,1995,13,13,"1,149",1,0,0,0,2,0,0.08,0.00,0.08,0.08,0.08
Martin Cedidla,cz CZE,DF,Fastav Zlín,19-052,2001,9,4,421,0,0,0,0,1,0,0.00,0.00,0.00,0.00,0.00
Ondřej Čelůstka,cz CZE,DF,Sparta Prague,31-209,1989,11,11,906,1,1,0,0,1,0,0.10,0.10,0.20,0.10,0.20
Tomáš Čelůstka,cz CZE,DF,FK Pardubice,29-178,1991,9,9,808,0,1,0,0,1,0,0.00,0.11,0.11,0.00,0.11
Adrián Čermák,sk SVK,MF,Zbrojovka Brno,27-196,1993,9,6,447,0,0,0,0,2,0,0.00,0.00,0.00,0.00,0.00
Aleš Čermák,cz CZE,MF,Viktoria Plzeň,26-104,1994,14,14,"1,082",6,1,2,3,3,0,0.50,0.08,0.58,0.33,0.42
Radim Černický,cz CZE,DF,Slovan Liberec,19-330,2001,1,0,1,0,0,0,0,0,0,0.00,0.00,0.00,0.00,0.00
Jakub Černín,cz CZE,DF,Zbrojovka Brno,21-340,1999,5,3,339,0,1,0,0,1,0,0.00,0.27,0.27,0.00,0.27
David Černý,cz CZE,FW,Teplice,25-034,1995,13,13,"1,155",0,0,0,0,1,0,0.00,0.00,0.00,0.00,0.00
Pavel Černý,cz CZE,FW,FK Pardubice,35-351,1985,10,10,615,0,2,0,0,2,0,0.00,0.29,0.29,0.00,0.29
Matěj Chaluš,cz CZE,DF,Slovan Liberec,22-346,1998,7,4,389,0,0,0,0,0,0,0.00,0.00,0.00,0.00,0.00
Vakhtang Chanturishvili,ge GEO,MF,Fastav Zlín,27-161,1993,13,13,"1,109",0,1,0,0,2,0,0.00,0.08,0.08,0.00,0.08
Tomáš Chorý,cz CZE,FW,Viktoria Plzeň,25-353,1995,2,1,52,0,0,0,0,0,0,0.00,0.00,0.00,0.00,0.00
Jan Chramosta,cz CZE,FW,Jablonec,30-093,1990,2,0,33,1,0,0,0,0,0,2.73,0.00,2.73,2.73,2.73
Ondřej Chvěja,cz CZE,MF,Baník Ostrava,22-180,1998,3,0,74,1,0,0,0,0,0,1.22,0.00,1.22,1.22,1.22
Mojmir Chytil,cz CZE,MF,Sigma Olomouc,21-259,1999,11,5,492,2,0,0,0,0,0,0.37,0.00,0.37,0.37,0.37
Rigino Cicilia,cw CUW,FW,Slovácko,26-112,1994,8,5,504,2,0,1,1,1,0,0.36,0.00,0.36,0.18,0.18
Filip Čihák,cz CZE,DF,FK Pardubice,21-187,1999,5,2,194,0,1,0,0,1,0,0.00,0.46,0.46,0.00,0.46
Lukáš Čmelík,sk SVK,"FW,MF",Karviná,24-275,1996,4,0,76,0,0,0,0,0,0,0.00,0.00,0.00,0.00,0.00
Mihailo Cmiljanovič,rs SRB,DF,Příbram,26-212,1994,12,12,925,0,2,0,0,0,0,0.00,0.19,0.19,0.00,0.19
Benjamin Čolić,ba BIH,DF,České Budĕjov.,29-174,1991,8,7,603,2,1,1,1,1,0,0.30,0.15,0.45,0.15,0.30
Chris Cortez,us USA,FW,Příbram,32-173,1988,2,0,18,0,0,0,0,0,0,0.00,0.00,0.00,0.00,0.00
Vladimír Coufal,cz CZE,DF,Slavia Prague,28-144,1992,5,4,367,0,3,0,0,1,0,0.00,0.74,0.74,0.00,0.74
Lukáš Csáno,sk SVK,FW,Slovan Liberec,19-186,2001,2,1,100,0,0,0,0,1,0,0.00,0.00,0.00,0.00,0.00
Tomáš Čvančara,cz CZE,FW,Jablonec,20-153,2000,9,3,297,1,0,0,0,2,0,0.30,0.00,0.30,0.30,0.30
Kryštof Daněk,cz CZE,MF,Sigma Olomouc,18-008,2003,6,0,55,0,0,0,0,0,0,0.00,0.00,0.00,0.00,0.00
Vlastimil Daníček,cz CZE,"DF,MF",Slovácko,29-182,1991,12,11,909,4,0,3,3,2,1,0.40,0.00,0.40,0.10,0.10
Denis Darmovzal,cz CZE,MF,Opava,20-180,2000,1,0,10,0,0,0,0,0,0,0.00,0.00,0.00,0.00,0.00
Dyjan Carlos De Azevedo,br BRA,"FW,MF",Baník Ostrava,29-204,1991,9,9,734,6,2,3,3,0,0,0.74,0.25,0.98,0.37,0.61
Rene Dedic,sk SVK,FW,Opava,27-159,1993,6,2,269,1,0,0,0,0,0,0.33,0.00,0.33,0.33,0.33
Idrissa Diarra,ml MLI,DF,Příbram,22-026,1998,3,3,270,0,0,0,0,1,0,0.00,0.00,0.00,0.00,0.00
Joss Didiba,cm CMR,MF,Opava,23-067,1997,9,9,810,0,0,0,0,2,0,0.00,0.00,0.00,0.00,0.00
Jakub Diviš,cz CZE,GK,Teplice,34-170,1986,2,2,180,0,0,0,0,2,0,0.00,0.00,0.00,0.00,0.00
Josef Divíšek,cz CZE,MF,Slovácko,30-111,1990,2,2,145,0,0,0,0,1,0,0.00,0.00,0.00,0.00,0.00
Bořek Dočkal,cz CZE,MF,Sparta Prague,32-105,1988,13,13,"1,147",3,3,1,3,2,0,0.24,0.24,0.47,0.16,0.39
Martin Doležal,cz CZE,FW,Jablonec,30-255,1990,11,3,492,4,3,0,0,0,0,0.73,0.55,1.28,0.73,1.28
Oscar Dorley,lr LBR,MF,Slavia Prague,22-178,1998,10,7,647,0,0,0,0,3,0,0.00,0.00,0.00,0.00,0.00
Martin Dostál,cz CZE,DF,Bohemians 1905,31-112,1989,7,5,405,1,0,0,0,1,0,0.22,0.00,0.22,0.22,0.22
Stanislav Dostál,cz CZE,GK,Fastav Zlín,29-207,1991,13,13,"1,124",0,0,0,0,0,0,0.00,0.00,0.00,0.00,0.00
David Doudera,cz CZE,MF,Mladá Boleslav,22-227,1998,11,4,458,0,1,0,0,2,0,0.00,0.20,0.20,0.00,0.20
Soufiane Dramé,fr FRA,MF,Karviná,24-321,1996,11,5,389,0,0,0,0,1,0,0.00,0.00,0.00,0.00,0.00
Youba Dramé,fr FRA,MF,Fastav Zlín,22-363,1998,13,8,718,3,2,0,0,2,0,0.38,0.25,0.63,0.38,0.63
Václav Drchal,cz CZE,FW,Mladá Boleslav,21-172,1999,11,4,420,1,1,0,0,0,0,0.21,0.21,0.43,0.21,0.43
Pavel Dreksa,cz CZE,DF,Zbrojovka Brno,31-118,1989,8,8,720,0,2,0,0,1,0,0.00,0.25,0.25,0.00,0.25
Jaroslav Drobný,cz CZE,GK,České Budĕjov.,41-087,1979,11,11,990,0,0,0,0,0,0,0.00,0.00,0.00,0.00,0.00
Pinc Dusan,cz CZE,FW,Příbram,22-257,1998,7,2,155,0,0,0,0,2,0,0.00,0.00,0.00,0.00,0.00
Miroslav Dvorak,cz CZE,DF,Slovan Liberec,22-026,1998,1,0,1,0,0,0,0,0,0,0.00,0.00,0.00,0.00,0.00
Lukáš Endl,cz CZE,DF,Zbrojovka Brno,17-210,2003,3,1,93,0,0,0,0,0,0,0.00,0.00,0.00,0.00,0.00
Šimon Falta,cz CZE,MF,Sigma Olomouc,27-265,1993,14,11,975,2,2,0,0,0,0,0.18,0.18,0.37,0.18,0.37
Antonín Fantiš,cz CZE,"FW,MF",Fastav Zlín,28-273,1992,11,9,753,1,1,0,0,0,0,0.12,0.12,0.24,0.12,0.24
Vilem Fendrich,cz CZE,GK,Opava,29-358,1991,10,10,900,0,0,0,0,1,0,0.00,0.00,0.00,0.00,0.00
Daniel Fila,cz CZE,FW,Zbrojovka Brno,18-145,2002,3,0,18,0,0,0,0,0,0,0.00,0.00,0.00,0.00,0.00
Martin Fillo,cz CZE,"FW,MF",Baník Ostrava,34-341,1986,12,9,876,0,0,0,0,2,0,0.00,0.00,0.00,0.00,0.00
Jiří Fleišman,cz CZE,DF,Baník Ostrava,36-103,1984,9,9,810,0,0,0,0,1,0,0.00,0.00,0.00,0.00,0.00
Jiří Floder,cz CZE,GK,Zbrojovka Brno,24-010,1997,8,8,720,0,0,0,0,0,0,0.00,0.00,0.00,0.00,0.00
Zdeněk Folprecht,cz CZE,MF,Příbram,29-196,1991,10,10,860,1,0,0,0,1,0,0.10,0.00,0.10,0.10,0.10
Jan Fortelny,cz CZE,MF,Teplice,21-360,1999,6,6,515,0,1,0,0,1,0,0.00,0.17,0.17,0.00,0.17
Jan Fortelny,cz CZE,MF,Sparta Prague,21-360,1999,1,0,1,0,0,0,0,0,0,0.00,0.00,0.00,0.00,0.00
Adam Fousek,cz CZE,MF,Zbrojovka Brno,26-311,1994,11,8,639,1,0,0,0,3,0,0.14,0.00,0.14,0.14,0.14
Michal Fukala,cz CZE,DF,Slovan Liberec,20-083,2000,10,5,489,0,0,0,0,0,0,0.00,0.00,0.00,0.00,0.00
Jakub Fulnek,cz CZE,FW,Mladá Boleslav,26-262,1994,12,10,793,0,1,0,0,2,0,0.00,0.11,0.11,0.00,0.11
Šimon Gabriel,cz CZE,DF,Mladá Boleslav,19-230,2001,4,1,118,0,0,0,0,0,0,0.00,0.00,0.00,0.00,0.00
Zoran Gajić,rs SRB,DF,Zbrojovka Brno,30-240,1990,8,7,511,0,0,0,0,1,0,0.00,0.00,0.00,0.00,0.00
Pablo González Juárez,es ESP,MF,Sigma Olomouc,27-246,1993,14,12,"1,013",1,0,0,0,3,0,0.09,0.00,0.09,0.09,0.09
Adam Gorčica,cz CZE,MF,Opava,19-232,2001,1,0,27,0,0,0,0,0,0,0.00,0.00,0.00,0.00,0.00
Martin Graiciar,cz CZE,MF,Mladá Boleslav,21-277,1999,5,2,238,0,0,0,0,0,0,0.00,0.00,0.00,0.00,0.00
Lukáš Greššák,sk SVK,"DF,MF",Sigma Olomouc,31-356,1989,12,11,994,1,1,0,0,2,0,0.09,0.09,0.18,0.09,0.18
Tomáš Grigar,cz CZE,GK,Teplice,37-347,1983,7,7,630,0,0,0,0,2,0,0.00,0.00,0.00,0.00,0.00
Dávid Guba,sk SVK,FW,Karviná,29-198,1991,7,0,149,0,0,0,0,1,0,0.00,0.00,0.00,0.00,0.00
Patrik Haitl,cz CZE,DF,Jablonec,22-318,1998,4,3,251,0,0,0,0,0,0,0.00,0.00,0.00,0.00,0.00
Pavel Hajek,cz CZE,MF,Příbram,19-163,2001,9,2,273,0,0,0,0,0,0,0.00,0.00,0.00,0.00,0.00
Martin Hála,cz CZE,DF,Sigma Olomouc,28-295,1992,14,11,"1,003",2,1,0,0,3,0,0.18,0.09,0.27,0.18,0.27
Dávid Hancko,sk SVK,DF,Sparta Prague,23-031,1997,5,5,423,0,1,0,0,0,0,0.00,0.21,0.21,0.00,0.21
Marek Hanousek,cz CZE,MF,Karviná,29-160,1991,5,3,220,0,0,0,0,1,0,0.00,0.00,0.00,0.00,0.00
Matěj Hanousek,cz CZE,DF,Sparta Prague,27-225,1993,13,10,860,0,0,0,0,0,0,0.00,0.00,0.00,0.00,0.00
Jan Hanuš,cz CZE,GK,Jablonec,32-260,1988,8,8,720,0,0,0,0,0,0,0.00,0.00,0.00,0.00,0.00
Štěpán Harazim,cz CZE,DF,Opava,20-184,2000,10,3,419,1,0,0,0,1,0,0.21,0.00,0.21,0.21,0.21
Roman Haša,cz CZE,FW,Karviná,27-333,1993,10,2,217,2,0,0,0,0,0,0.83,0.00,0.83,0.83,0.83
Filip Hašek,cz CZE,MF,Bohemians 1905,23-299,1997,3,1,70,0,0,0,0,0,0,0.00,0.00,0.00,0.00,0.00
Lukáš Havel,cz CZE,DF,České Budĕjov.,24-221,1996,9,5,512,0,0,0,0,1,0,0.00,0.00,0.00,0.00,0.00
Milan Havel,cz CZE,MF,Viktoria Plzeň,26-159,1994,8,7,635,0,1,0,0,4,1,0.00,0.14,0.14,0.00,0.14
Filip Havelka,cz CZE,MF,České Budĕjov.,22-358,1998,8,8,662,0,0,0,0,2,0,0.00,0.00,0.00,0.00,0.00
Marek Havlík,cz CZE,MF,Slovácko,25-189,1995,13,13,"1,151",0,2,0,0,2,0,0.00,0.16,0.16,0.00,0.16
Milan Heča,cz CZE,GK,Sparta Prague,29-298,1991,7,7,630,0,0,0,0,0,0,0.00,0.00,0.00,0.00,0.00
David Heidenreich,cz CZE,DF,Teplice,20-203,2000,7,7,556,1,1,0,0,0,1,0.16,0.16,0.32,0.16,0.32
Lukáš Hejda,cz CZE,DF,Viktoria Plzeň,30-310,1990,14,13,"1,176",2,0,0,0,3,0,0.15,0.00,0.15,0.15,0.15
Matěj Helešic,cz CZE,DF,Opava,24-062,1996,10,9,780,1,0,0,0,2,0,0.12,0.00,0.12,0.12,0.12
Patrik Hellebrand,cz CZE,MF,Slovácko,21-242,1999,7,3,287,0,1,0,0,1,0,0.00,0.31,0.31,0.00,0.31
Christián Herc,sk SVK,MF,Karviná,22-105,1998,12,10,822,0,1,0,0,0,0,0.00,0.11,0.11,0.00,0.11
Jan Hladík,cz CZE,FW,Zbrojovka Brno,27-114,1993,12,4,510,2,0,0,0,1,0,0.35,0.00,0.35,0.35,0.35
Michal Hlavatý,cz CZE,MF,FK Pardubice,22-210,1998,8,7,660,1,1,1,1,1,0,0.14,0.14,0.27,0.00,0.14
Jan Hlavica,cz CZE,DF,Zbrojovka Brno,26-180,1994,5,4,405,0,0,0,0,2,0,0.00,0.00,0.00,0.00,0.00
Marek Hlinka,sk SVK,MF,Fastav Zlín,30-101,1990,10,8,716,0,0,0,0,3,0,0.00,0.00,0.00,0.00,0.00
Adam Hložek,cz CZE,FW,Sparta Prague,18-172,2002,6,6,482,4,4,0,0,0,0,0.75,0.75,1.49,0.75,1.49
Josef Hnaníček,cz CZE,DF,Opava,34-016,1986,1,1,29,0,0,0,0,0,0,0.00,0.00,0.00,0.00,0.00
Stanislav Hofmann,cz CZE,DF,Slovácko,30-210,1990,11,11,980,3,1,0,0,2,0,0.28,0.09,0.37,0.28,0.37
Tomáš Holeš,cz CZE,DF,Slavia Prague,27-288,1993,8,4,407,2,2,0,0,0,0,0.44,0.44,0.88,0.44,0.88
Libor Holík,cz CZE,DF,Jablonec,22-246,1998,12,12,"1,063",0,1,0,0,4,0,0.00,0.08,0.08,0.00,0.08
Lukáš Holík,cz CZE,MF,Opava,28-143,1992,11,11,930,1,1,0,0,2,0,0.10,0.10,0.19,0.10,0.19
Daniel Holzer,cz CZE,MF,Baník Ostrava,25-148,1995,11,9,784,0,0,0,0,1,0,0.00,0.00,0.00,0.00,0.00
Tomáš Hořava,cz CZE,MF,Viktoria Plzeň,32-229,1988,4,0,73,1,0,0,0,2,0,1.23,0.00,1.23,1.23,1.23
Jan Hošek,cz CZE,DF,Teplice,31-287,1989,3,1,137,0,0,0,0,0,1,0.00,0.00,0.00,0.00,0.00
David Houska,cz CZE,MF,Sigma Olomouc,27-198,1993,12,12,989,3,0,2,2,3,0,0.27,0.00,0.27,0.09,0.09
David Hovorka,cz CZE,DF,Slavia Prague,27-159,1993,5,4,315,0,1,0,0,1,0,0.00,0.29,0.29,0.00,0.29
Matej Hrabina,cz CZE,DF,Opava,27-259,1993,9,8,629,0,1,0,0,2,1,0.00,0.14,0.14,0.00,0.14
Jakub Hromada,sk SVK,MF,Slovan Liberec,24-233,1996,9,8,693,2,0,0,0,3,0,0.26,0.00,0.26,0.26,0.26
Petr Hronek,cz CZE,MF,Bohemians 1905,27-193,1993,13,12,980,3,1,0,0,2,0,0.28,0.09,0.37,0.28,0.37
Robert Hrubý,cz CZE,MF,Jablonec,26-261,1994,12,6,486,2,4,0,0,2,0,0.37,0.74,1.11,0.37,1.11
Vlastimil Hrubý,cz CZE,GK,Jablonec,35-327,1985,6,6,540,0,0,0,0,0,0,0.00,0.00,0.00,0.00,0.00
Aleš Hruška,cz CZE,GK,Viktoria Plzeň,35-051,1985,13,13,"1,170",0,0,0,0,0,0,0.00,0.00,0.00,0.00,0.00
Roman Hubník,cz CZE,DF,Sigma Olomouc,36-221,1984,13,13,"1,170",0,1,0,0,3,0,0.00,0.08,0.08,0.00,0.08
Tomáš Hübschman,cz CZE,"DF,MF",Jablonec,39-131,1981,12,10,891,1,0,0,0,1,0,0.10,0.00,0.10,0.10,0.10
David Huf,cz CZE,FW,FK Pardubice,21-356,1999,10,3,447,5,1,0,0,0,0,1.01,0.20,1.21,1.01,1.21
Lukáš Hůlka,cz CZE,DF,Bohemians 1905,25-288,1995,11,11,990,2,1,0,0,2,0,0.18,0.09,0.27,0.18,0.27
Lukáš Hušek,cz CZE,DF,FK Pardubice,20-080,2000,3,0,8,0,0,0,0,0,0,0.00,0.00,0.00,0.00,0.00
Alois Hyčka,cz CZE,DF,Teplice,30-175,1990,5,2,140,0,0,0,0,0,0,0.00,0.00,0.00,0.00,0.00
Dāvis Ikaunieks,lv LVA,MF,Mladá Boleslav,27-006,1994,10,0,294,0,0,0,0,0,0,0.00,0.00,0.00,0.00,0.00
David Jambor,cz CZE,MF,Zbrojovka Brno,17-348,2003,5,1,166,0,0,0,0,0,0,0.00,0.00,0.00,0.00,0.00
Marek Janečka,sk SVK,DF,Karviná,37-218,1983,9,0,103,0,0,0,0,0,0,0.00,0.00,0.00,0.00,0.00
Jakub Janetzký,cz CZE,MF,Fastav Zlín,23-215,1997,13,5,467,2,0,0,0,1,0,0.39,0.00,0.39,0.39,0.39
Teodor Janjus,cz CZE,FW,Opava,19-283,2001,1,0,8,0,0,0,0,0,0,0.00,0.00,0.00,0.00,0.00
Adam Jánoš,cz CZE,MF,Baník Ostrava,28-177,1992,12,12,"1,039",1,0,0,0,1,0,0.09,0.00,0.09,0.09,0.09
Dominik Janošek,cz CZE,MF,Mladá Boleslav,22-214,1998,9,8,582,0,1,0,0,1,0,0.00,0.15,0.15,0.00,0.15
Lukáš Jánošík,sk SVK,MF,České Budĕjov.,26-314,1994,7,1,143,2,0,0,0,1,0,1.26,0.00,1.26,1.26,1.26
Petr Javorek,cz CZE,MF,České Budĕjov.,34-339,1986,13,13,"1,057",2,3,0,0,3,0,0.17,0.26,0.43,0.17,0.43
Lamin Jawo,gm GAM,FW,Fastav Zlín,25-304,1995,10,8,716,1,4,0,0,3,1,0.13,0.50,0.63,0.13,0.63
Jean,br BRA,MF,Karviná,23-309,1997,11,8,700,0,0,0,0,2,0,0.00,0.00,0.00,0.00,0.00
Václav Jemelka,cz CZE,DF,Sigma Olomouc,25-204,1995,6,6,540,0,0,0,0,2,0,0.00,0.00,0.00,0.00,0.00
Jan Jeřábek,cz CZE,MF,FK Pardubice,36-336,1984,12,12,"1,043",0,0,0,0,4,0,0.00,0.00,0.00,0.00,0.00
Michal Jeřábek,cz CZE,DF,Jablonec,27-125,1993,2,0,71,0,0,0,0,0,0,0.00,0.00,0.00,0.00,0.00
Josef Jindřišek,cz CZE,DF,Bohemians 1905,39-334,1981,10,9,813,1,0,1,1,1,0,0.11,0.00,0.11,0.00,0.00
Petr Jiráček,cz CZE,MF,Fastav Zlín,34-317,1986,11,11,968,1,0,0,0,1,0,0.09,0.00,0.09,0.09,0.09
Milan Jirásek,cz CZE,MF,Baník Ostrava,28-244,1992,6,2,173,0,0,0,0,1,0,0.00,0.00,0.00,0.00,0.00
Vladimir Jovović,me MNE,"FW,MF",Jablonec,26-079,1994,10,0,190,0,0,0,0,0,0,0.00,0.00,0.00,0.00,0.00
Jakub Jugas,cz CZE,DF,Slovan Liberec,28-253,1992,6,5,481,0,0,0,0,0,0,0.00,0.00,0.00,0.00,0.00
Robert Jukl,cz CZE,FW,Teplice,22-077,1998,7,7,627,0,1,0,0,2,0,0.00,0.14,0.14,0.00,0.14
Lukáš Juliš,cz CZE,FW,Sparta Prague,26-042,1994,13,13,"1,069",10,1,0,0,2,0,0.84,0.08,0.93,0.84,0.93
Matěj Jurásek,cz CZE,FW,Slavia Prague,17-136,2003,2,1,73,0,0,0,0,0,0,0.00,0.00,0.00,0.00,0.00
Václav Jurečka,cz CZE,FW,Slovácko,26-201,1994,7,2,253,2,0,0,0,0,0,0.71,0.00,0.71,0.71,0.71
Václav Juřena,cz CZE,FW,Opava,29-346,1991,12,7,664,0,0,0,0,1,0,0.00,0.00,0.00,0.00,0.00
Jan Juroška,cz CZE,DF,Baník Ostrava,27-317,1993,2,2,129,0,0,0,0,1,0,0.00,0.00,0.00,0.00,0.00
Tomas Jursa,cz CZE,MF,Karviná,31-310,1989,4,0,56,0,0,0,0,0,0,0.00,0.00,0.00,0.00,0.00
Miroslav Káčer,sk SVK,MF,Viktoria Plzeň,24-346,1996,14,3,373,0,2,0,0,4,0,0.00,0.48,0.48,0.00,0.48
Taras Kacharaba,ua UKR,DF,Slovan Liberec,26-006,1995,10,10,864,2,0,0,0,4,1,0.21,0.00,0.21,0.21,0.21
Michal Kadlec,cz CZE,DF,Slovácko,36-031,1984,12,12,"1,073",0,1,0,0,2,1,0.00,0.08,0.08,0.00,0.08
Jan Kalabiška,cz CZE,"FW,MF",Slovácko,34-022,1986,10,6,585,1,0,0,0,4,1,0.15,0.00,0.15,0.15,0.15
Filip Kaloč,cz CZE,MF,Baník Ostrava,20-321,2000,7,4,319,0,0,0,0,1,0,0.00,0.00,0.00,0.00,0.00
Lukáš Kalvach,cz CZE,MF,Viktoria Plzeň,25-178,1995,14,14,"1,253",0,1,0,0,3,0,0.00,0.07,0.07,0.00,0.07
Adam Karabec,cz CZE,MF,Sparta Prague,17-195,2003,4,0,45,0,0,0,0,0,0,0.00,0.00,0.00,0.00,0.00
Ondřej Karafiát,cz CZE,DF,Slavia Prague,26-043,1994,5,2,173,0,0,0,0,0,0,0.00,0.00,0.00,0.00,0.00
Filip Kaša,cz CZE,DF,Viktoria Plzeň,27-012,1994,1,0,1,0,0,0,0,0,0,0.00,0.00,0.00,0.00,0.00
Ibrahim Keïta,fr FRA,FW,Bohemians 1905,24-361,1996,10,2,281,1,0,0,0,1,0,0.32,0.00,0.32,0.32,0.32
Olivier Kingue,cm CMR,DF,Příbram,24-328,1996,4,4,273,0,0,0,0,4,1,0.00,0.00,0.00,0.00,0.00
Jiří Kladrubský,cz CZE,"DF,MF",České Budĕjov.,35-055,1985,4,3,286,0,1,0,0,2,0,0.00,0.31,0.31,0.00,0.31
Peter Kleščík,sk SVK,DF,Příbram,32-117,1988,7,6,544,0,0,0,0,0,0,0.00,0.00,0.00,0.00,0.00
Jakub Klíma,cz CZE,DF,Mladá Boleslav,22-138,1998,12,11,893,0,1,0,0,2,0,0.00,0.10,0.10,0.00,0.10
Jiří Klíma,cz CZE,FW,Mladá Boleslav,24-008,1997,6,5,455,4,0,0,0,1,0,0.79,0.00,0.79,0.79,0.79
Jan Kliment,cz CZE,"FW,MF",Slovácko,27-134,1993,13,7,588,2,1,0,0,2,0,0.31,0.15,0.46,0.31,0.46
Jan Knapík,cz CZE,DF,Teplice,20-033,2000,4,0,128,0,0,0,0,2,0,0.00,0.00,0.00,0.00,0.00
Milan Knobloch,cz CZE,GK,Slovan Liberec,28-143,1992,1,1,90,0,0,0,0,0,0,0.00,0.00,0.00,0.00,0.00
Ondřej Kočí,cz CZE,GK,Příbram,25-281,1995,7,7,630,0,0,0,0,2,0,0.00,0.00,0.00,0.00,0.00
Ladislav Kodad,cz CZE,MF,Teplice,22-265,1998,3,0,23,0,0,0,0,0,0,0.00,0.00,0.00,0.00,0.00
Petr Kodeš,cz CZE,MF,Teplice,24-348,1996,2,0,92,0,0,0,0,0,0,0.00,0.00,0.00,0.00,0.00
Michal Kohút,cz CZE,MF,Slovácko,20-223,2000,9,6,474,1,0,0,0,2,0,0.19,0.00,0.19,0.19,0.19
Jakub Kolar,cz CZE,FW,Fastav Zlín,20-363,2000,2,1,91,0,0,0,0,2,0,0.00,0.00,0.00,0.00,0.00
Ondřej Kolář,cz CZE,GK,Slavia Prague,26-088,1994,13,13,"1,170",1,1,1,1,0,0,0.08,0.08,0.15,0.00,0.08
Jan Kopic,cz CZE,MF,Viktoria Plzeň,30-223,1990,10,10,738,2,2,0,0,0,0,0.24,0.24,0.49,0.24,0.49
Martin Koscelník,sk SVK,MF,Slovan Liberec,25-317,1995,11,9,826,0,1,0,0,0,0,0.00,0.11,0.11,0.00,0.11
Tomáš Koschatzký,cz CZE,DF,Opava,20-227,2000,1,0,20,0,0,0,0,0,0,0.00,0.00,0.00,0.00,0.00
Daniel Kosek,cz CZE,DF,Slovan Liberec,19-239,2001,1,1,90,0,0,0,0,0,0,0.00,0.00,0.00,0.00,0.00
Daniel Köstl,cz CZE,DF,Bohemians 1905,22-235,1998,8,7,633,0,0,0,0,4,0,0.00,0.00,0.00,0.00,0.00
Juraj Kotula,sk SVK,DF,Zbrojovka Brno,25-105,1995,7,6,539,0,0,0,0,0,0,0.00,0.00,0.00,0.00,0.00
Marek Kouba,cz CZE,GK,Bohemians 1905,22-073,1998,2,2,180,0,0,0,0,0,0,0.00,0.00,0.00,0.00,0.00
Jan Koudelka,cz CZE,MF,Zbrojovka Brno,28-307,1992,7,1,198,0,0,0,0,0,0,0.00,0.00,0.00,0.00,0.00
Daniel Kovac,cz CZE,MF,Teplice,20-316,2000,3,0,27,0,0,0,0,0,0,0.00,0.00,0.00,0.00,0.00
Jan Kovařík,cz CZE,MF,Viktoria Plzeň,32-208,1988,11,5,491,0,0,0,0,0,0,0.00,0.00,0.00,0.00,0.00
Libor Kozák,cz CZE,FW,Sparta Prague,31-228,1989,5,0,90,2,0,0,0,0,0,2.00,0.00,2.00,2.00,2.00
Matyas Kozak,cz CZE,FW,Teplice,19-254,2001,2,0,13,0,0,0,0,1,0,0.00,0.00,0.00,0.00,0.00
Martin Králik,sk SVK,DF,České Budĕjov.,25-285,1995,12,12,"1,080",0,0,0,0,1,0,0.00,0.00,0.00,0.00,0.00
Denis Kramar,cz CZE,MF,Opava,17-158,2003,2,0,36,0,0,0,0,0,0,0.00,0.00,0.00,0.00,0.00
Antonín Křapka,cz CZE,DF,Mladá Boleslav,26-357,1994,12,12,"1,080",0,0,0,0,0,0,0.00,0.00,0.00,0.00,0.00
Miloš Kratochvíl,cz CZE,MF,Jablonec,24-262,1996,2,2,180,0,0,0,0,1,0,0.00,0.00,0.00,0.00,0.00
Daniel Krch,cz CZE,DF,Bohemians 1905,28-299,1992,4,3,275,0,0,0,0,0,0,0.00,0.00,0.00,0.00,0.00
Ladislav Krejčí,cz CZE,"FW,MF",Sparta Prague,28-192,1992,9,7,614,1,3,0,0,0,0,0.15,0.44,0.59,0.15,0.59
Ladislav Krejčí,cz CZE,MF,Sparta Prague,21-268,1999,11,11,973,4,0,0,0,3,1,0.37,0.00,0.37,0.37,0.37
Michal Kristian,cz CZE,MF,Slovan Liberec,20-048,2000,2,1,118,0,0,0,0,0,0,0.00,0.00,0.00,0.00,0.00
Jan Krob,cz CZE,DF,Jablonec,33-261,1987,8,5,467,0,1,0,0,5,0,0.00,0.19,0.19,0.00,0.19
Filip Kubala,cz CZE,MF,Slovácko,21-133,1999,8,0,70,1,0,0,0,1,0,1.29,0.00,1.29,1.29,1.29
Vojtěch Kubista,cz CZE,DF,Jablonec,27-300,1993,9,9,683,1,1,0,0,2,0,0.13,0.13,0.26,0.13,0.26
Mikulas Kubny,cz CZE,GK,Opava,16-123,2004,1,1,90,0,0,0,0,0,0,0.00,0.00,0.00,0.00,0.00
Tomáš Kučera,cz CZE,MF,Teplice,29-177,1991,13,13,"1,170",1,0,0,0,2,0,0.08,0.00,0.08,0.08,0.08
Jan Kuchta,cz CZE,FW,Slavia Prague,24-005,1997,8,7,551,2,1,0,0,1,0,0.33,0.16,0.49,0.33,0.49
Ondřej Kúdela,cz CZE,"DF,MF",Slavia Prague,33-293,1987,12,11,"1,004",3,0,1,1,3,0,0.27,0.00,0.27,0.18,0.18
Jiří Kulhánek,cz CZE,MF,Mladá Boleslav,24-311,1996,6,2,167,0,0,0,0,0,0,0.00,0.00,0.00,0.00,0.00
Petr Kurka,cz CZE,DF,FK Pardubice,18-193,2002,1,0,10,0,0,0,0,0,0,0.00,0.00,0.00,0.00,0.00
Nemanja Kuzmanović,rs SRB,FW,Baník Ostrava,31-231,1989,12,6,589,1,0,0,0,2,0,0.15,0.00,0.15,0.15,0.15
Roman Květ,cz CZE,MF,Bohemians 1905,23-027,1997,11,6,572,0,1,0,0,1,0,0.00,0.16,0.16,0.00,0.16
Jan Kvida,cz CZE,DF,Příbram,29-362,1991,4,0,63,0,0,0,0,0,0,0.00,0.00,0.00,0.00,0.00
Tomáš Ladra,cz CZE,MF,Jablonec,23-264,1997,13,8,736,2,3,1,1,0,0,0.24,0.37,0.61,0.12,0.49
Milan Lalkovič,sk SVK,"FW,MF",Baník Ostrava,28-035,1992,2,1,84,0,0,0,0,0,0,0.00,0.00,0.00,0.00,0.00
Pieter Langedijk,nl NED,"FW,MF",FK Pardubice,26-338,1994,2,0,43,0,0,0,0,1,0,0.00,0.00,0.00,0.00,0.00
Daniel Langhamer,cz CZE,MF,Mladá Boleslav,17-299,2003,1,0,6,0,0,0,0,0,0,0.00,0.00,0.00,0.00,0.00
Jan Laštůvka,cz CZE,GK,Baník Ostrava,38-190,1982,11,11,990,0,0,0,0,2,0,0.00,0.00,0.00,0.00,0.00
Radek Látal,cz CZE,MF,Sigma Olomouc,23-028,1997,12,2,293,0,0,0,0,2,0,0.00,0.00,0.00,0.00,0.00
Patrik Le Giang,sk SVK,GK,Bohemians 1905,28-127,1992,11,11,990,0,0,0,0,0,0,0.00,0.00,0.00,0.00,0.00
David Ledecký,cz CZE,FW,České Budĕjov.,27-173,1993,2,0,60,0,0,0,0,1,0,0.00,0.00,0.00,0.00,0.00
Claude Lhotecký,cz CZE,MF,Zbrojovka Brno,19-326,2001,1,0,15,0,0,0,0,0,0,0.00,0.00,0.00,0.00,0.00
David Limberský,cz CZE,"DF,MF",Viktoria Plzeň,37-099,1983,11,11,958,1,2,0,0,1,0,0.09,0.19,0.28,0.09,0.28
Ondřej Lingr,cz CZE,MF,Slavia Prague,22-098,1998,11,5,393,1,0,0,0,1,0,0.23,0.00,0.23,0.23,0.23
David Lischka,cz CZE,DF,Sparta Prague,23-151,1997,5,5,450,0,2,0,0,1,0,0.00,0.40,0.40,0.00,0.40
Admir Ljevaković,ba BIH,MF,Teplice,36-159,1984,10,3,257,0,0,0,0,1,0,0.00,0.00,0.00,0.00,0.00
Adriel Loua,ci CIV,FW,Viktoria Plzeň,24-172,1996,14,10,897,3,2,0,0,0,0,0.30,0.20,0.50,0.30,0.50
Vladislav Lyovin,ru RUS,MF,Bohemians 1905,25-291,1995,8,8,675,0,0,0,0,2,0,0.00,0.00,0.00,0.00,0.00
Tomáš Malinský,cz CZE,FW,Slavia Prague,29-141,1991,4,1,105,0,0,0,0,0,0,0.00,0.00,0.00,0.00,0.00
Aleš Mandous,cz CZE,GK,Sigma Olomouc,28-267,1992,13,13,"1,170",0,1,0,0,0,0,0.00,0.08,0.08,0.00,0.08
Kamso Mara,gn GUI,MF,Slovan Liberec,26-020,1994,11,10,846,2,2,2,3,0,0,0.21,0.21,0.43,0.00,0.21
Daniel Mareček,cz CZE,MF,Slovácko,22-228,1998,3,0,25,0,0,0,0,0,0,0.00,0.00,0.00,0.00,0.00
Lukáš Mareček,cz CZE,MF,Teplice,30-271,1990,9,9,704,0,0,0,0,2,0,0.00,0.00,0.00,0.00,0.00
Jakub Mareš,cz CZE,"FW,MF",Teplice,33-353,1987,14,12,"1,128",5,2,1,1,2,0,0.40,0.16,0.56,0.32,0.48
Petr Mareš,cz CZE,DF,Mladá Boleslav,29-362,1991,2,2,159,0,1,0,0,1,0,0.00,0.57,0.57,0.00,0.57
Jakub Markovič,cz CZE,GK,Mladá Boleslav,19-184,2001,1,1,90,0,0,0,0,0,0,0.00,0.00,0.00,0.00,0.00
Jakub Martinec,cz CZE,MF,Jablonec,22-306,1998,14,14,"1,260",0,0,0,0,4,0,0.00,0.00,0.00,0.00,0.00
Dominik Mašek,cz CZE,FW,Mladá Boleslav,25-187,1995,7,4,400,2,0,0,0,1,0,0.45,0.00,0.45,0.45,0.45
Lukáš Mašek,cz CZE,MF,Mladá Boleslav,16-250,2004,3,1,63,0,0,0,0,0,0,0.00,0.00,0.00,0.00,0.00
Lukáš Masopust,cz CZE,MF,Slavia Prague,27-336,1993,12,9,790,1,3,0,0,4,0,0.11,0.34,0.46,0.11,0.46
Lukáš Matějka,cz CZE,FW,České Budĕjov.,23-024,1997,7,5,419,1,0,0,0,1,0,0.21,0.00,0.21,0.21,0.21
Róbert Matejov,sk SVK,"DF,MF",Fastav Zlín,32-192,1988,4,3,265,0,0,0,0,0,0,0.00,0.00,0.00,0.00,0.00
Jan Matoušek,cz CZE,MF,Slovan Liberec,22-249,1998,12,9,682,0,0,0,0,1,0,0.00,0.00,0.00,0.00,0.00
Róbert Mazáň,sk SVK,"DF,MF",Mladá Boleslav,26-339,1994,12,12,"1,067",0,1,0,0,3,0,0.00,0.08,0.08,0.00,0.08
Ondřej Mazuch,cz CZE,DF,Mladá Boleslav,31-304,1989,2,2,121,0,1,0,0,1,0,0.00,0.74,0.74,0.00,0.74
Martin Melichar,cz CZE,GK,Příbram,20-191,2000,6,6,540,0,0,0,0,0,0,0.00,0.00,0.00,0.00,0.00
José Mena Rodríguez,es ESP,MF,Baník Ostrava,22-243,1998,2,1,121,0,0,0,0,0,0,0.00,0.00,0.00,0.00,0.00
Karol Mészáros,sk SVK,"FW,MF",České Budĕjov.,27-172,1993,8,5,470,2,1,0,0,0,0,0.38,0.19,0.57,0.38,0.57
Ondřej Mihálik,cz CZE,FW,Viktoria Plzeň,23-286,1997,4,2,178,0,0,0,0,2,0,0.00,0.00,0.00,0.00,0.00
Jan Mikula,cz CZE,DF,Slovan Liberec,29-008,1992,11,11,990,0,1,0,0,0,0,0.00,0.09,0.09,0.00,0.09
Petr Mikulec,cz CZE,GK,Mladá Boleslav,21-283,1999,13,13,"1,170",0,0,0,0,1,0,0.00,0.00,0.00,0.00,0.00
Rajmund Mikuš,sk SVK,MF,Karviná,25-045,1995,11,5,555,1,0,0,0,0,0,0.16,0.00,0.16,0.16,0.16
Martin Minchev,bg BUL,MF,Sparta Prague,19-266,2001,5,0,72,0,0,0,0,0,0,0.00,0.00,0.00,0.00,0.00
David Moberg Karlsson,se SWE,"FW,MF",Sparta Prague,26-299,1994,9,4,413,1,1,0,0,1,0,0.22,0.22,0.44,0.22,0.44
Karol Mondek,sk SVK,MF,Opava,29-225,1991,10,10,767,2,0,0,0,3,0,0.23,0.00,0.23,0.23,0.23
Jan Moravec,cz CZE,MF,Zbrojovka Brno,33-184,1987,8,8,652,0,1,0,0,1,0,0.00,0.14,0.14,0.00,0.14
Ubong Moses Ekpai,ng NGA,MF,České Budĕjov.,25-088,1995,4,2,123,0,0,0,0,1,0,0.00,0.00,0.00,0.00,0.00
Jhon Mosquera,co COL,MF,Slovan Liberec,30-250,1990,11,9,754,4,0,0,0,5,0,0.48,0.00,0.48,0.48,0.48
Pavel Moulis,cz CZE,FW,Teplice,29-281,1991,13,12,"1,041",1,2,0,0,1,0,0.09,0.17,0.26,0.09,0.26
Martins Mpondo,fr FRA,FW,Fastav Zlín,24-306,1996,3,0,12,0,0,0,0,0,0,0.00,0.00,0.00,0.00,0.00
Matej Mršić,hr CRO,MF,České Budĕjov.,27-000,1994,13,5,530,0,1,0,0,0,0,0.00,0.17,0.17,0.00,0.17
Radovan Murin,cz CZE,GK,Baník Ostrava,21-224,1999,1,1,90,0,0,0,0,0,0,0.00,0.00,0.00,0.00,0.00
Petar Musa,hr CRO,FW,Slavia Prague,22-315,1998,10,4,399,3,0,0,0,2,0,0.68,0.00,0.68,0.68,0.68
Jan Navrátil,cz CZE,"FW,MF",Slovácko,30-275,1990,12,9,862,1,2,0,0,3,0,0.10,0.21,0.31,0.10,0.31
Yevgeni Nazarov,ru RUS,DF,Teplice,23-281,1997,2,2,103,1,0,0,0,1,0,0.87,0.00,0.87,0.87,0.87
Gigli Ndefe,nl NED,"DF,MF",Karviná,26-317,1994,14,14,"1,232",0,1,0,0,2,0,0.00,0.07,0.07,0.00,0.07
Jakub Nečas,cz CZE,FW,Bohemians 1905,25-353,1995,10,0,184,0,1,0,0,0,0,0.00,0.49,0.49,0.00,0.49
Tomáš Necid,cz CZE,FW,Bohemians 1905,31-153,1989,7,5,438,1,1,0,0,2,1,0.21,0.21,0.41,0.21,0.41
Luděk Němeček,cz CZE,GK,Teplice,22-009,1999,5,5,450,0,0,0,0,0,0,0.00,0.00,0.00,0.00,0.00
Vít Nemrava,cz CZE,GK,Slovácko,25-004,1996,7,7,630,0,0,0,0,1,0,0.00,0.00,0.00,0.00,0.00
Aleš Nešický,cz CZE,MF,Slovan Liberec,28-226,1992,5,2,224,0,1,0,0,1,0,0.00,0.40,0.40,0.00,0.40
Martin Nešpor,cz CZE,FW,Sigma Olomouc,30-222,1990,14,11,970,3,2,2,2,3,0,0.28,0.19,0.46,0.09,0.28
Vladimir Neuman,cz CZE,GK,Karviná,20-338,2000,5,5,450,0,0,0,0,1,0,0.00,0.00,0.00,0.00,0.00
Joel Ngandu,cd COD,MF,Viktoria Plzeň,28-271,1992,9,5,376,0,2,0,0,0,0,0.00,0.48,0.48,0.00,0.48
Filip Nguyen,cz CZE,GK,Slovan Liberec,28-121,1992,12,12,"1,080",0,0,0,0,0,0,0.00,0.00,0.00,0.00,0.00
Florin Niță,ro ROU,GK,Sparta Prague,33-194,1987,6,6,540,0,0,0,0,0,0,0.00,0.00,0.00,0.00,0.00
Pavel Novák,cz CZE,DF,České Budĕjov.,31-044,1989,10,6,614,0,0,0,0,4,0,0.00,0.00,0.00,0.00,0.00
Vojtěch Novák,cz CZE,MF,Bohemians 1905,18-359,2002,9,2,203,2,0,0,0,0,0,0.89,0.00,0.89,0.89,0.89
Martin Nový,cz CZE,DF,Příbram,27-356,1993,11,11,948,0,2,0,0,2,0,0.00,0.19,0.19,0.00,0.19
Peter Olayinka,ng NGA,"FW,MF",Slavia Prague,25-056,1995,11,8,725,3,1,0,0,1,0,0.37,0.12,0.50,0.37,0.50
Zdeněk Ondrášek,cz CZE,FW,Viktoria Plzeň,32-022,1988,11,7,673,3,0,0,0,0,0,0.40,0.00,0.40,0.40,0.40
Pavel Osmančík,cz CZE,FW,Bohemians 1905,20-322,2000,7,0,90,0,0,0,0,0,0,0.00,0.00,0.00,0.00,0.00
Tomáš Ostrák,cz CZE,MF,Karviná,20-343,2000,14,14,"1,172",1,0,0,0,1,0,0.08,0.00,0.08,0.08,0.08
Cheick Oumar Conde,gn GUI,MF,Fastav Zlín,20-171,2000,12,12,"1,045",0,2,0,0,3,0,0.00,0.17,0.17,0.00,0.17
Ondřej Pachlopník,cz CZE,MF,Zbrojovka Brno,20-334,2000,12,7,589,1,1,0,0,1,0,0.15,0.15,0.31,0.15,0.31
Michal Papadopulos,cz CZE,FW,Karviná,35-274,1985,13,12,"1,046",3,2,0,0,2,0,0.26,0.17,0.43,0.26,0.43
Igor Paradin,ru RUS,DF,Teplice,22-125,1998,2,1,112,0,0,0,0,1,0,0.00,0.00,0.00,0.00,0.00
David Pavelka,cz CZE,MF,Sparta Prague,29-240,1991,6,6,539,1,0,0,0,5,1,0.17,0.00,0.17,0.17,0.17
Pedrito,es ESP,MF,Fastav Zlín,24-339,1996,5,0,81,0,0,0,0,1,0,0.00,0.00,0.00,0.00,0.00
Luděk Pernica,cz CZE,DF,Viktoria Plzeň,30-211,1990,4,4,355,0,0,0,0,1,0,0.00,0.00,0.00,0.00,0.00
Jakub Pesek,cz CZE,MF,Slovan Liberec,27-203,1993,11,8,661,1,2,0,0,4,1,0.14,0.27,0.41,0.14,0.41
Adam Petrák,cz CZE,MF,Příbram,21-146,1999,2,2,133,0,0,0,0,1,0,0.00,0.00,0.00,0.00,0.00
Michal Petráň,cz CZE,MF,FK Pardubice,28-201,1992,11,1,237,1,0,0,0,0,0,0.38,0.00,0.38,0.38,0.38
Milan Petržela,cz CZE,MF,Slovácko,37-208,1983,13,12,895,1,0,0,0,1,0,0.10,0.00,0.10,0.10,0.10
Lukáš Pfeifer,cz CZE,FW,FK Pardubice,21-203,1999,11,6,487,1,0,0,0,0,0,0.18,0.00,0.18,0.18,0.18
Bartosz Pikul,pl POL,MF,Opava,23-072,1997,6,1,172,1,0,0,0,2,0,0.52,0.00,0.52,0.52,0.52
Václav Pilař,cz CZE,"FW,MF",Jablonec,32-092,1988,10,9,668,2,0,0,0,1,0,0.27,0.00,0.27,0.27,0.27
Tomáš Pilík,cz CZE,"FW,MF",Příbram,32-024,1988,13,11,969,2,0,2,2,3,0,0.19,0.00,0.19,0.00,0.00
Srđan Plavšić,rs SRB,MF,Sparta Prague,25-041,1995,7,3,292,0,1,0,0,0,0,0.00,0.31,0.31,0.00,0.31
Dominik Plechaty,cz CZE,DF,Sparta Prague,21-270,1999,8,7,600,0,0,0,0,2,0,0.00,0.00,0.00,0.00,0.00
Dominik Plestil,cz CZE,MF,Jablonec,21-157,1999,10,5,358,0,0,0,0,0,0,0.00,0.00,0.00,0.00,0.00
Jakub Podaný,cz CZE,"DF,MF",Jablonec,33-212,1987,11,9,793,0,1,0,0,2,0,0.00,0.11,0.11,0.00,0.11
Jakub Pokorný,cz CZE,DF,Baník Ostrava,24-124,1996,11,9,810,0,0,0,0,3,1,0.00,0.00,0.00,0.00,0.00
Lukáš Pokorný,cz CZE,DF,Bohemians 1905,27-192,1993,1,0,1,0,0,0,0,0,0,0.00,0.00,0.00,0.00,0.00
Matěj Polidar,cz CZE,FW,Sparta Prague,21-024,1999,5,2,243,0,0,0,0,0,0,0.00,0.00,0.00,0.00,0.00
Roman Potočný,cz CZE,FW,Baník Ostrava,29-263,1991,10,7,644,2,0,1,1,5,0,0.28,0.00,0.28,0.14,0.14
Florent Poulolo,fr FRA,DF,Sigma Olomouc,24-011,1997,11,8,737,0,0,0,0,2,0,0.00,0.00,0.00,0.00,0.00
Marios Pourzitidis,gr GRE,DF,Slovan Liberec,21-250,1999,1,1,90,0,0,0,0,0,0,0.00,0.00,0.00,0.00,0.00
Jakub Považanec,sk SVK,MF,Jablonec,29-348,1991,14,14,"1,228",1,1,0,0,2,0,0.07,0.07,0.15,0.07,0.15
Tomáš Poznar,cz CZE,FW,Fastav Zlín,32-108,1988,11,11,930,5,2,2,2,5,1,0.48,0.19,0.68,0.29,0.48
Jakub Přichystal,cz CZE,FW,Zbrojovka Brno,25-080,1995,12,11,875,2,0,0,0,2,0,0.21,0.00,0.21,0.21,0.21
Václav Procházka,cz CZE,DF,Fastav Zlín,36-250,1984,13,11,"1,008",0,0,0,0,3,0,0.00,0.00,0.00,0.00,0.00
Jan Prosek,cz CZE,DF,FK Pardubice,25-356,1995,9,9,800,0,0,0,0,3,1,0.00,0.00,0.00,0.00,0.00
Lukáš Provod,cz CZE,MF,Slavia Prague,24-082,1996,11,9,769,3,3,0,0,2,0,0.35,0.35,0.70,0.35,0.70
Matěj Pulkrab,cz CZE,FW,Bohemians 1905,23-235,1997,6,5,396,1,1,1,1,1,0,0.23,0.23,0.45,0.00,0.23
David Puškáč,cz CZE,FW,Bohemians 1905,27-244,1993,5,5,392,1,1,0,0,0,0,0.23,0.23,0.46,0.23,0.46
Kristi Qose,al ALB,"DF,MF",Karviná,25-217,1995,14,14,"1,146",3,0,2,2,2,0,0.24,0.00,0.24,0.08,0.08
Michael Rabušic,cz CZE,FW,Slovan Liberec,31-118,1989,12,6,579,6,1,4,4,2,0,0.93,0.16,1.09,0.31,0.47
Dominik Radić,hr CRO,FW,Sigma Olomouc,24-140,1996,1,0,12,0,0,0,0,1,0,0.00,0.00,0.00,0.00,0.00
Matěj Radosta,cz CZE,DF,Teplice,19-248,2001,10,3,404,1,0,0,0,1,0,0.22,0.00,0.22,0.22,0.22
Matej Rakovan,sk SVK,GK,Fastav Zlín,30-305,1990,1,0,46,0,0,0,0,0,0,0.00,0.00,0.00,0.00,0.00
Tomas Rataj,cz CZE,DF,Opava,17-298,2003,6,2,184,1,0,0,0,1,0,0.49,0.00,0.49,0.49,0.49
Michal Reichl,cz CZE,GK,Sigma Olomouc,28-121,1992,1,1,90,0,0,0,0,0,0,0.00,0.00,0.00,0.00,0.00
Petr Reinberk,cz CZE,MF,Slovácko,31-235,1989,12,11,"1,008",1,1,0,0,2,0,0.09,0.09,0.18,0.09,0.18
Rudolf Reiter,cz CZE,MF,Baník Ostrava,26-107,1994,3,1,98,0,0,0,0,0,0,0.00,0.00,0.00,0.00,0.00
Rudolf Reiter,cz CZE,MF,Zbrojovka Brno,26-107,1994,5,3,227,0,0,0,0,0,0,0.00,0.00,0.00,0.00,0.00
Jakub Rezek,cz CZE,MF,Slovácko,22-229,1998,2,0,24,0,0,0,0,0,0,0.00,0.00,0.00,0.00,0.00
Jan Rezek,cz CZE,"FW,MF",Příbram,38-253,1982,13,13,"1,125",1,0,0,0,3,0,0.08,0.00,0.08,0.08,0.08
Jakub Řezníček,cz CZE,FW,Teplice,32-232,1988,10,7,584,1,0,0,1,3,0,0.15,0.00,0.15,0.15,0.15
Jan Reznicek,cz CZE,MF,Opava,28-052,1992,7,5,479,0,0,0,0,1,0,0.00,0.00,0.00,0.00,0.00
Radim Řezník,cz CZE,DF,Viktoria Plzeň,31-359,1989,7,6,468,0,0,0,0,0,0,0.00,0.00,0.00,0.00,0.00
Imad Rondić,ba BIH,MF,Slovan Liberec,21-332,1999,10,3,434,1,1,1,1,2,0,0.21,0.21,0.41,0.00,0.21
Antonín Růsek,cz CZE,FW,Zbrojovka Brno,21-297,1999,13,11,971,2,0,0,0,2,1,0.19,0.00,0.19,0.19,0.19
Adam Rychly,cz CZE,MF,Opava,22-110,1998,2,0,92,0,0,0,0,0,0,0.00,0.00,0.00,0.00,0.00
Michal Sáček,cz CZE,MF,Sparta Prague,24-116,1996,10,9,818,0,2,0,0,2,0,0.00,0.22,0.22,0.00,0.22
Lukáš Sadílek,cz CZE,MF,Slovácko,24-235,1996,13,13,"1,084",3,5,0,0,0,0,0.25,0.42,0.66,0.25,0.66
Michal Sadílek,cz CZE,"DF,FW",Slovan Liberec,21-227,1999,6,5,436,0,0,0,0,4,0,0.00,0.00,0.00,0.00,0.00
Lee Sanghyuk,kr KOR,MF,FK Pardubice,20-360,2000,3,0,26,0,0,0,0,0,0,0.00,0.00,0.00,0.00,0.00
Eduardo Santos,br BRA,DF,Karviná,23-046,1997,14,13,"1,201",1,0,0,0,2,0,0.07,0.00,0.07,0.07,0.07
Ondřej Šašinka,cz CZE,FW,Baník Ostrava,22-298,1998,10,4,359,0,0,0,0,1,0,0.00,0.00,0.00,0.00,0.00
Ivan Schranz,sk SVK,"FW,MF",Jablonec,27-122,1993,13,13,"1,096",6,0,1,1,4,0,0.49,0.00,0.49,0.41,0.41
Till Schumacher,de GER,DF,Bohemians 1905,23-034,1997,11,9,820,0,0,0,0,0,0,0.00,0.00,0.00,0.00,0.00
Adam Ščudla,cz CZE,MF,Opava,19-016,2001,5,0,107,0,0,0,0,1,0,0.00,0.00,0.00,0.00,0.00
Jan Sedlák,cz CZE,DF,Zbrojovka Brno,26-080,1994,13,13,"1,102",0,0,0,0,4,0,0.00,0.00,0.00,0.00,0.00
Martin Šejvl,cz CZE,DF,FK Pardubice,28-330,1992,13,13,"1,170",0,0,0,0,0,0,0.00,0.00,0.00,0.00,0.00
Michal Ševčík,cz CZE,MF,Zbrojovka Brno,18-153,2002,1,0,25,0,0,0,0,0,0,0.00,0.00,0.00,0.00,0.00
Petr Ševčík,cz CZE,MF,Slavia Prague,26-254,1994,8,7,591,0,4,0,0,0,0,0.00,0.61,0.61,0.00,0.61
Jan Shejbal,cz CZE,MF,Teplice,26-268,1994,7,5,422,0,0,0,0,0,0,0.00,0.00,0.00,0.00,0.00
Ewerton Paixao da Silva,br BRA,FW,FK Pardubice,24-016,1996,10,4,478,0,1,0,1,0,0,0.00,0.19,0.19,0.00,0.19
Abdallah Sima,sn SEN,FW,Slavia Prague,19-210,2001,8,6,564,7,1,0,0,2,0,1.12,0.16,1.28,1.12,1.28
David Šimek,cz CZE,DF,Mladá Boleslav,22-333,1998,4,1,139,0,0,0,0,0,0,0.00,0.00,0.00,0.00,0.00
Samuel Šimek,cz CZE,MF,FK Pardubice,18-276,2002,1,1,45,0,0,0,0,0,0,0.00,0.00,0.00,0.00,0.00
Dominik Simerský,cz CZE,DF,Fastav Zlín,28-106,1992,11,10,866,0,0,0,0,0,0,0.00,0.00,0.00,0.00,0.00
Patrik Šimko,sk SVK,DF,Slovácko,29-189,1991,9,6,527,0,1,0,0,0,0,0.00,0.17,0.17,0.00,0.17
Martin Šindelář,cz CZE,DF,Karviná,29-357,1991,13,13,"1,170",0,0,0,0,1,0,0.00,0.00,0.00,0.00,0.00
Michal Škoda,cz CZE,FW,Mladá Boleslav,32-318,1988,10,6,531,3,1,0,1,1,0,0.51,0.17,0.68,0.51,0.68
Lukáš Skovajsa,sk SVK,DF,České Budĕjov.,26-292,1994,10,10,839,0,0,0,0,0,0,0.00,0.00,0.00,0.00,0.00
Martin Sladký,cz CZE,MF,Sigma Olomouc,28-318,1992,5,3,269,0,0,0,0,1,0,0.00,0.00,0.00,0.00,0.00
Jiří Sláma,cz CZE,MF,FK Pardubice,22-005,1999,11,1,282,0,1,0,0,1,0,0.00,0.32,0.32,0.00,0.32
Patrik Slamena,cz CZE,FW,Fastav Zlín,20-190,2000,5,1,96,0,0,0,0,0,0,0.00,0.00,0.00,0.00,0.00
Vojtech Smid,cz CZE,DF,Zbrojovka Brno,19-332,2001,1,0,8,0,0,0,0,0,0,0.00,0.00,0.00,0.00,0.00
David Smilek,cz CZE,MF,Opava,18-259,2002,1,0,15,0,0,0,0,0,0,0.00,0.00,0.00,0.00,0.00
Vojtěch Smrž,cz CZE,MF,Karviná,23-359,1997,11,4,346,0,0,0,0,2,0,0.00,0.00,0.00,0.00,0.00
Karel Soldát,cz CZE,MF,Příbram,27-067,1993,10,9,815,0,0,0,0,2,0,0.00,0.00,0.00,0.00,0.00
Tomáš Solil,cz CZE,MF,FK Pardubice,20-347,2000,13,13,"1,148",0,2,0,0,3,0,0.00,0.16,0.16,0.00,0.16
Filip Souček,cz CZE,MF,Sparta Prague,20-117,2000,8,4,360,0,0,0,0,4,0,0.00,0.00,0.00,0.00,0.00
Vojtěch Šrom,cz CZE,GK,Opava,32-255,1988,1,1,90,0,0,0,0,0,0,0.00,0.00,0.00,0.00,0.00
Jaromir Srubek,cz CZE,MF,Slovácko,20-114,2000,3,1,113,1,0,0,0,1,0,0.80,0.00,0.80,0.80,0.80
Nicolae Stanciu,ro ROU,MF,Slavia Prague,27-251,1993,12,11,873,3,3,1,1,1,0,0.31,0.31,0.62,0.21,0.52
Jindřich Staněk,cz CZE,GK,Viktoria Plzeň,24-261,1996,1,1,90,0,0,0,0,0,0,0.00,0.00,0.00,0.00,0.00
David Štěpánek,cz CZE,MF,Jablonec,23-289,1997,5,3,265,0,1,0,0,2,0,0.00,0.34,0.34,0.00,0.34
Peter Štepanovský,sk SVK,"DF,MF",Zbrojovka Brno,33-001,1988,12,11,833,2,0,0,0,5,1,0.22,0.00,0.22,0.22,0.22
Lukáš Štetina,sk SVK,DF,Sparta Prague,29-169,1991,2,2,180,0,1,0,0,2,0,0.00,0.50,0.50,0.00,0.50
Patrizio Stronati,cz CZE,DF,Baník Ostrava,26-057,1994,8,8,720,0,0,0,0,0,0,0.00,0.00,0.00,0.00,0.00
Jan Šulc,cz CZE,MF,Slovan Liberec,22-225,1998,2,0,25,0,0,0,0,0,0,0.00,0.00,0.00,0.00,0.00
Pavel Šulc,cz CZE,MF,České Budĕjov.,20-015,2000,4,4,339,1,0,0,0,1,0,0.27,0.00,0.27,0.27,0.27
Šimon Šumbera,cz CZE,MF,Zbrojovka Brno,30-008,1991,12,8,642,0,1,0,0,1,0,0.00,0.14,0.14,0.00,0.14
Dominik Šup,cz CZE,MF,Teplice,23-351,1997,1,0,4,0,0,0,0,0,0,0.00,0.00,0.00,0.00,0.00
Jakub Šural,cz CZE,MF,Zbrojovka Brno,24-196,1996,10,8,765,1,0,0,0,2,0,0.12,0.00,0.12,0.12,0.12
Michal Surzyn,cz CZE,DF,FK Pardubice,23-125,1997,13,13,"1,045",2,1,0,0,2,0,0.17,0.09,0.26,0.17,0.26
Martin Šustr,cz CZE,GK,Zbrojovka Brno,30-102,1990,6,6,540,0,0,0,0,0,0,0.00,0.00,0.00,0.00,0.00
Václav Svoboda,cz CZE,DF,Příbram,21-119,1999,10,6,621,0,0,0,0,1,0,0.00,0.00,0.00,0.00,0.00
Jaroslav Svozil,cz CZE,DF,Baník Ostrava,27-126,1993,8,8,675,1,0,0,0,2,0,0.13,0.00,0.13,0.13,0.13
Laco Takács,cz CZE,DF,Slavia Prague,24-182,1996,6,2,234,1,0,0,0,0,0,0.38,0.00,0.38,0.38,0.38
Maksym Talovierov,ua UKR,MF,České Budĕjov.,20-199,2000,10,9,754,0,0,0,0,2,1,0.00,0.00,0.00,0.00,0.00
Aleksei Tatayev,ru RUS,DF,Mladá Boleslav,22-097,1998,14,14,"1,230",2,1,0,0,2,0,0.15,0.07,0.22,0.15,0.22
Rafael Tavares,br BRA,MF,Karviná,20-201,2000,4,1,140,0,0,0,0,0,0,0.00,0.00,0.00,0.00,0.00
Stanislav Tecl,cz CZE,FW,Slavia Prague,30-134,1990,11,3,345,3,0,0,0,1,0,0.78,0.00,0.78,0.78,0.78
Daniel Tetour,cz CZE,MF,Baník Ostrava,26-180,1994,11,10,897,1,3,0,0,0,0,0.10,0.30,0.40,0.10,0.40
Jiří Texl,cz CZE,MF,Opava,28-010,1993,9,9,657,0,1,0,0,1,0,0.00,0.14,0.14,0.00,0.14
Christ Tiéhi,ci CIV,FW,Opava,22-211,1998,5,5,450,0,0,0,1,1,0,0.00,0.00,0.00,0.00,0.00
Mohamed Tijani,ci CIV,DF,Slovan Liberec,23-187,1997,8,8,720,0,0,0,0,2,0,0.00,0.00,0.00,0.00,0.00
Muhamed Tijani,ng NGA,FW,Baník Ostrava,20-171,2000,10,3,299,1,0,0,0,1,0,0.30,0.00,0.30,0.30,0.30
Emil Tischler,cz CZE,MF,FK Pardubice,22-306,1998,12,12,"1,021",4,0,0,0,3,0,0.35,0.00,0.35,0.35,0.35
Michal Tomič,sk SVK,MF,Slovácko,21-289,1999,3,0,44,0,0,0,0,1,0,0.00,0.00,0.00,0.00,0.00
Martin Toml,cz CZE,DF,FK Pardubice,24-294,1996,14,14,"1,260",1,0,0,0,0,0,0.07,0.00,0.07,0.07,0.07
Ibrahim Traoré,ci CIV,MF,Slavia Prague,32-119,1988,11,5,599,0,0,0,0,2,0,0.00,0.00,0.00,0.00,0.00
Michal Trávník,cz CZE,MF,Sparta Prague,26-241,1994,9,3,331,0,1,0,0,0,0,0.00,0.27,0.27,0.00,0.27
Jaroslav Tregler,cz CZE,DF,Příbram,25-043,1995,8,6,574,1,0,0,0,0,0,0.16,0.00,0.16,0.16,0.16
Daniel Trubač,cz CZE,MF,Teplice,23-180,1997,14,14,"1,129",2,1,0,0,2,0,0.16,0.08,0.24,0.16,0.24
Marco Tulio,br BRA,DF,Mladá Boleslav,22-227,1998,13,12,"1,062",1,0,0,0,3,0,0.08,0.00,0.08,0.08,0.08
Filip Twardzik,cz CZE,MF,Karviná,27-338,1993,9,8,687,0,0,0,0,2,0,0.00,0.00,0.00,0.00,0.00
Kamil Vacek,cz CZE,MF,Bohemians 1905,33-240,1987,11,9,679,1,0,0,0,2,0,0.13,0.00,0.13,0.13,0.13
Jonáš Vais,cz CZE,MF,Příbram,21-050,1999,11,4,362,0,0,0,0,2,0,0.00,0.00,0.00,0.00,0.00
Matej Valenta,cz CZE,MF,České Budĕjov.,20-339,2000,6,1,125,0,0,0,0,1,0,0.00,0.00,0.00,0.00,0.00
Ondřej Vaněk,cz CZE,MF,Zbrojovka Brno,30-172,1990,10,8,741,1,1,1,1,1,0,0.12,0.12,0.24,0.00,0.12
Antonín Vaníček,cz CZE,MF,Bohemians 1905,22-266,1998,12,11,933,1,3,0,0,2,0,0.10,0.29,0.39,0.10,0.39
Stanislav Vávra,cz CZE,MF,Příbram,27-177,1993,13,12,943,2,0,0,0,2,0,0.19,0.00,0.19,0.19,0.19
Dalibor Večerka,cz CZE,DF,Opava,17-307,2003,9,9,758,0,0,0,0,2,0,0.00,0.00,0.00,0.00,0.00
Oliver Velich,cz CZE,FW,Jablonec,19-215,2001,1,0,2,0,0,0,0,0,0,0.00,0.00,0.00,0.00,0.00
Michal Vepřek,cz CZE,DF,Sigma Olomouc,35-210,1985,5,4,363,0,1,0,0,1,0,0.00,0.25,0.25,0.00,0.25
Stefan Vilotic,rs SRB,DF,Příbram,21-089,1999,3,2,187,0,0,0,0,0,0,0.00,0.00,0.00,0.00,0.00
Andreas Vindheim,no NOR,DF,Sparta Prague,25-162,1995,10,9,787,1,3,0,0,1,0,0.11,0.34,0.46,0.11,0.46
Marek Vintr,cz CZE,MF,Zbrojovka Brno,23-165,1997,5,0,140,0,0,0,0,2,0,0.00,0.00,0.00,0.00,0.00
Matěj Vít,cz CZE,MF,FK Pardubice,19-175,2001,1,1,90,0,0,0,0,0,0,0.00,0.00,0.00,0.00,0.00
Martin Vlachovsky,cz CZE,MF,Karviná,20-046,2000,1,0,1,0,0,0,0,0,0,0.00,0.00,0.00,0.00,0.00
Jan Vodháněl,cz CZE,MF,Bohemians 1905,23-263,1997,1,0,15,0,0,0,0,0,0,0.00,0.00,0.00,0.00,0.00
Radek Voltr,cz CZE,FW,Příbram,29-046,1991,6,5,479,1,2,0,0,0,0,0.19,0.38,0.56,0.19,0.56
Jan Vondra,cz CZE,DF,Bohemians 1905,25-122,1995,9,6,550,0,1,0,0,2,0,0.00,0.16,0.16,0.00,0.16
Tomáš Vondrášek,cz CZE,DF,Teplice,33-079,1987,10,8,724,0,1,0,0,1,1,0.00,0.12,0.12,0.00,0.12
Vojtěch Vorel,cz CZE,GK,České Budĕjov.,24-209,1996,2,2,180,0,0,0,0,1,0,0.00,0.00,0.00,0.00,0.00
Jakub Vrana,cz CZE,MF,Opava,19-354,2001,1,0,8,0,0,0,0,0,0,0.00,0.00,0.00,0.00,0.00
Lukáš Vraštil,cz CZE,DF,Fastav Zlín,26-309,1994,2,2,180,0,0,0,0,1,0,0.00,0.00,0.00,0.00,0.00
Vukadin Vukadinović,rs SRB,MF,Teplice,30-030,1990,9,6,496,0,1,0,0,2,0,0.00,0.18,0.18,0.00,0.18
Nataniel Wybraniec,pl POL,MF,Opava,20-018,2000,1,0,4,0,0,0,0,0,0,0.00,0.00,0.00,0.00,0.00
Jakub Yunis,cz CZE,FW,Sigma Olomouc,24-294,1996,4,3,211,2,0,0,0,0,0,0.85,0.00,0.85,0.85,0.85
Abdulla Yusuf Helal,bh BHR,FW,Slovan Liberec,27-215,1993,9,5,377,1,0,0,0,2,0,0.24,0.00,0.24,0.24,0.24
Tomáš Zahradníček,cz CZE,MF,Sigma Olomouc,27-155,1993,13,6,529,0,0,0,0,0,0,0.00,0.00,0.00,0.00,0.00
Ondřej Zahustel,cz CZE,MF,Mladá Boleslav,29-209,1991,13,13,"1,085",2,0,0,0,0,0,0.17,0.00,0.17,0.17,0.17
Tomáš Zajíc,cz CZE,FW,Baník Ostrava,24-154,1996,9,6,455,3,1,0,0,0,0,0.59,0.20,0.79,0.59,0.79
Pavel Zavadil,cz CZE,MF,Opava,42-258,1978,8,8,628,0,0,0,0,1,0,0.00,0.00,0.00,0.00,0.00
Jaroslav Zelený,cz CZE,DF,Jablonec,28-146,1992,14,12,"1,090",3,0,0,0,0,0,0.25,0.00,0.25,0.25,0.25
Jan Zidek,cz CZE,DF,Opava,36-044,1984,11,11,990,2,0,1,2,3,0,0.18,0.00,0.18,0.09,0.09
Pavel Zifčák,cz CZE,FW,Sigma Olomouc,21-317,1999,10,1,194,1,0,0,0,0,0,0.46,0.00,0.46,0.46,0.46
David Zima,cz CZE,DF,Slavia Prague,20-066,2000,10,10,886,0,1,0,0,0,0,0.00,0.10,0.10,0.00,0.10
Patrik Žitný,cz CZE,MF,Teplice,21-358,1999,11,9,809,1,0,0,0,3,0,0.11,0.00,0.11,0.11,0.11
Ondřej Zmrzlý,cz CZE,MF,Sigma Olomouc,21-266,1999,8,8,623,1,0,0,0,0,0,0.14,0.00,0.14,0.14,0.14
Filip Zorvan,cz CZE,MF,Příbram,24-281,1996,8,7,589,0,0,0,0,0,0,0.00,0.00,0.00,0.00,0.00
Bojan Đorđić,ba BIH,FW,Opava,26-232,1994,11,9,730,0,1,0,0,2,0,0.00,0.12,0.12,0.00,0.12
